epoch,batch,train_loss,train_accuracy
0,0,0.6786266,0.625
1,1,1.3707347,0.4375
1,2,1.1734226,0.53125
1,3,2.2324479,0.40625
1,4,0.86143434,0.5625
1,5,0.9827348,0.53125
1,6,0.6945698,0.5
1,7,0.61365175,0.5
1,8,0.603988,0.75
1,9,0.7363282,0.375
1,10,0.87817013,0.3125
1,11,0.68692595,0.40625
1,12,0.7335752,0.53125
1,13,0.68185365,0.59375
1,14,0.68893456,0.53125
1,15,0.7066823,0.46875
1,16,0.70916057,0.375
1,17,0.7251068,0.46875
1,18,0.6738949,0.625
1,19,0.77305156,0.4375
1,20,0.78826714,0.46875
1,21,0.6754373,0.4375
1,22,0.6172957,0.59375
1,23,0.6790749,0.5
1,24,0.7371222,0.5625
1,25,0.6893538,0.5625
1,26,0.6545912,0.625
1,27,0.67917293,0.46875
1,28,0.654377,0.5
1,29,0.65324676,0.6875
1,30,0.64843214,0.59375
1,31,0.7097689,0.40625
1,32,0.6610209,0.625
1,33,0.7287222,0.4375
1,34,0.7849847,0.53125
1,35,0.74454623,0.5
1,36,0.6910018,0.5
1,37,0.6977472,0.59375
1,38,0.6689564,0.625
1,39,0.7108618,0.5
1,40,0.6753081,0.59375
1,41,0.70382905,0.53125
1,42,0.6655021,0.75
1,43,0.72254395,0.46875
1,44,0.67794466,0.53125
1,45,0.72411424,0.53125
1,46,0.65310055,0.625
1,47,0.5893782,0.71875
1,48,0.63831407,0.53125
1,49,0.6390605,0.625
1,50,0.6247084,0.71875
1,51,0.65216786,0.625
1,52,0.8486581,0.625
1,53,0.58976364,0.75
1,54,0.63072604,0.59375
1,55,0.5966503,0.75
1,56,0.6809533,0.625
1,57,0.63291794,0.53125
1,58,0.5942875,0.71875
1,59,0.64372486,0.71875
1,60,0.6238208,0.5625
1,61,0.67351085,0.5
1,62,0.7171057,0.46875
1,63,0.6978921,0.53125
1,64,0.65814227,0.5217391304347826
2,65,0.5827593,0.6875
2,66,0.62437624,0.75
2,67,0.55054545,0.65625
2,68,0.5929492,0.5625
2,69,0.5068957,0.71875
2,70,0.70965874,0.625
2,71,0.6806231,0.53125
2,72,0.79976076,0.46875
2,73,0.72661865,0.5625
2,74,0.57530415,0.71875
2,75,0.5484224,0.78125
2,76,0.72509634,0.46875
2,77,0.72219497,0.625
2,78,0.70229226,0.59375
2,79,0.76078784,0.625
2,80,0.6325715,0.5625
2,81,0.5903727,0.625
2,82,0.6094931,0.59375
2,83,0.5926833,0.65625
2,84,0.71498436,0.46875
2,85,0.58164805,0.65625
2,86,0.66577685,0.5
2,87,0.56578773,0.71875
2,88,0.65662664,0.53125
2,89,0.5926977,0.59375
2,90,0.73208565,0.5625
2,91,0.7846154,0.5625
2,92,0.65823126,0.5625
2,93,0.6506487,0.625
2,94,0.87370366,0.46875
2,95,0.6384072,0.59375
2,96,0.6886999,0.40625
2,97,0.68091315,0.53125
2,98,0.6999434,0.5
2,99,0.7044326,0.5625
2,100,0.6488655,0.5625
2,101,0.69639826,0.53125
2,102,0.6232131,0.625
2,103,0.7089767,0.5625
2,104,0.61742485,0.59375
2,105,0.59160626,0.625
2,106,0.64079916,0.625
2,107,0.74087125,0.46875
2,108,0.69604665,0.59375
2,109,0.573319,0.65625
2,110,0.65075016,0.625
2,111,0.64805746,0.5625
2,112,0.74453163,0.5625
2,113,0.6629779,0.625
2,114,0.6693269,0.59375
2,115,0.72577906,0.625
2,116,0.68767846,0.6875
2,117,0.6567249,0.59375
2,118,0.7734052,0.4375
2,119,0.5996776,0.59375
2,120,0.55578107,0.65625
2,121,0.87415695,0.5625
2,122,0.49483243,0.75
2,123,0.77735156,0.5625
2,124,0.6535822,0.5625
2,125,0.6918108,0.625
2,126,0.71942824,0.5625
2,127,0.7026267,0.5625
2,128,0.5640047,0.7391304347826086
3,129,0.6967783,0.53125
3,130,0.61015856,0.78125
3,131,0.6308843,0.6875
3,132,0.80255044,0.6875
3,133,0.5962349,0.65625
3,134,0.6702154,0.65625
3,135,0.6223857,0.71875
3,136,0.63056123,0.6875
3,137,0.5478377,0.71875
3,138,0.7678032,0.5
3,139,0.6425511,0.625
3,140,0.656296,0.5625
3,141,0.7646558,0.5625
3,142,0.69345963,0.625
3,143,0.6537507,0.53125
3,144,0.60043263,0.65625
3,145,0.74313915,0.5625
3,146,0.59411657,0.65625
3,147,0.65262353,0.5625
3,148,0.6195322,0.65625
3,149,0.56275773,0.6875
3,150,0.67949337,0.625
3,151,0.571317,0.71875
3,152,0.464133,0.8125
3,153,0.6647277,0.65625
3,154,0.66078717,0.65625
3,155,0.8466639,0.40625
3,156,0.7486588,0.59375
3,157,0.72928244,0.53125
3,158,0.5201618,0.8125
3,159,0.65789133,0.5625
3,160,0.56301296,0.6875
3,161,0.5736516,0.5625
3,162,0.58815676,0.6875
3,163,0.5541972,0.75
3,164,0.6226182,0.625
3,165,0.6227244,0.5625
3,166,0.66400915,0.5625
3,167,0.7144517,0.65625
3,168,0.5704256,0.71875
3,169,0.5535703,0.71875
3,170,0.517198,0.875
3,171,0.66768295,0.625
3,172,0.6106726,0.6875
3,173,0.6164513,0.59375
3,174,0.69875264,0.53125
3,175,0.5060548,0.8125
3,176,0.7694655,0.59375
3,177,0.54921335,0.6875
3,178,0.59048444,0.6875
3,179,0.65707797,0.625
3,180,0.6075381,0.65625
3,181,0.5962154,0.6875
3,182,0.65320146,0.65625
3,183,0.6291953,0.65625
3,184,0.6132629,0.625
3,185,0.6963314,0.59375
3,186,0.62623185,0.65625
3,187,0.6966044,0.5625
3,188,0.72449136,0.53125
3,189,0.66819406,0.6875
3,190,0.6306423,0.5625
3,191,0.64906335,0.5625
3,192,0.66778296,0.5217391304347826
4,193,0.5597881,0.71875
4,194,0.6215659,0.625
4,195,0.5357335,0.75
4,196,0.77839035,0.71875
4,197,0.6490406,0.71875
4,198,0.55497044,0.625
4,199,0.6216194,0.71875
4,200,0.7309574,0.59375
4,201,0.6380732,0.625
4,202,0.64159566,0.625
4,203,0.64646894,0.625
4,204,0.66284263,0.5
4,205,0.6077947,0.6875
4,206,0.6284852,0.625
4,207,0.4981891,0.8125
4,208,0.5298678,0.8125
4,209,0.51473296,0.75
4,210,0.5887144,0.59375
4,211,0.6289979,0.625
4,212,0.49396658,0.71875
4,213,0.67249423,0.71875
4,214,0.67892253,0.5
4,215,0.44599512,0.84375
4,216,0.6282873,0.59375
4,217,0.7535087,0.6875
4,218,0.62269795,0.5
4,219,0.71199864,0.5625
4,220,0.49629185,0.6875
4,221,0.72058547,0.5
4,222,0.59426343,0.625
4,223,0.63575,0.6875
4,224,0.64353627,0.5625
4,225,0.6023442,0.625
4,226,0.59555745,0.5625
4,227,0.6453433,0.5625
4,228,0.7287657,0.5625
4,229,0.56570077,0.65625
4,230,0.65651715,0.625
4,231,0.64816,0.53125
4,232,0.5408451,0.8125
4,233,0.6203413,0.625
4,234,0.66159034,0.65625
4,235,0.59361374,0.65625
4,236,0.5820757,0.78125
4,237,0.5453228,0.71875
4,238,0.55748355,0.6875
4,239,0.6043866,0.59375
4,240,0.6634128,0.5625
4,241,0.58843154,0.78125
4,242,0.5491951,0.75
4,243,0.5185298,0.75
4,244,0.48993716,0.84375
4,245,0.75582093,0.5625
4,246,0.6360704,0.6875
4,247,0.5243508,0.78125
4,248,0.68468547,0.59375
4,249,0.5785454,0.625
4,250,0.4921898,0.8125
4,251,0.54015976,0.71875
4,252,0.64351463,0.625
4,253,0.6993153,0.53125
4,254,0.5522794,0.6875
4,255,0.68194747,0.65625
4,256,0.75130594,0.5217391304347826
5,257,0.5770932,0.65625
5,258,0.5773597,0.71875
5,259,0.5683292,0.71875
5,260,0.73254216,0.46875
5,261,0.67625165,0.625
5,262,0.6479575,0.5625
5,263,0.5924601,0.65625
5,264,0.64162046,0.6875
5,265,0.5392195,0.6875
5,266,0.5782286,0.6875
5,267,0.6717105,0.6875
5,268,0.5667026,0.6875
5,269,0.63544863,0.71875
5,270,0.5689254,0.6875
5,271,0.5676926,0.71875
5,272,0.5489845,0.71875
5,273,0.6824434,0.5625
5,274,0.60959303,0.59375
5,275,0.70531607,0.71875
5,276,0.52835816,0.78125
5,277,0.5439009,0.78125
5,278,0.62165034,0.71875
5,279,0.58037955,0.75
5,280,0.77586055,0.4375
5,281,0.62190014,0.59375
5,282,0.5962585,0.75
5,283,0.56830734,0.75
5,284,0.6244829,0.65625
5,285,0.6476318,0.625
5,286,0.6408936,0.65625
5,287,0.57446873,0.65625
5,288,0.6703243,0.6875
5,289,0.62506235,0.5625
5,290,0.5912429,0.625
5,291,0.5960171,0.71875
5,292,0.6292543,0.625
5,293,0.76947093,0.5625
5,294,0.52269566,0.71875
5,295,0.676859,0.75
5,296,0.59072036,0.625
5,297,0.65122944,0.65625
5,298,0.5145044,0.71875
5,299,0.70912826,0.5
5,300,0.5635451,0.71875
5,301,0.56388783,0.71875
5,302,0.68781143,0.625
5,303,0.55044466,0.78125
5,304,0.6563549,0.65625
5,305,0.5527227,0.6875
5,306,0.5437343,0.75
5,307,0.52686185,0.6875
5,308,0.55363464,0.6875
5,309,0.637373,0.6875
5,310,0.6086528,0.75
5,311,0.694106,0.53125
5,312,0.636139,0.53125
5,313,0.69444263,0.59375
5,314,0.5862875,0.6875
5,315,0.556802,0.65625
5,316,0.6745254,0.53125
5,317,0.5603848,0.6875
5,318,0.55637693,0.71875
5,319,0.51295567,0.6875
5,320,0.54539543,0.7391304347826086
6,321,0.5125929,0.78125
6,322,0.59303784,0.71875
6,323,0.4887076,0.75
6,324,0.5783409,0.6875
6,325,0.5706442,0.65625
6,326,0.5058824,0.6875
6,327,0.7368236,0.5625
6,328,0.7162137,0.53125
6,329,0.57973707,0.71875
6,330,0.655903,0.625
6,331,0.54732805,0.8125
6,332,0.5534506,0.65625
6,333,0.56377465,0.65625
6,334,0.5694904,0.65625
6,335,0.5731089,0.59375
6,336,0.5103682,0.75
6,337,0.6672952,0.59375
6,338,0.63978446,0.65625
6,339,0.5981572,0.65625
6,340,0.5542214,0.6875
6,341,0.63786536,0.5625
6,342,0.52392334,0.8125
6,343,0.4319399,0.875
6,344,0.6770301,0.5625
6,345,0.47283667,0.78125
6,346,0.48727474,0.84375
6,347,0.6012532,0.6875
6,348,0.64483297,0.53125
6,349,0.77434385,0.5625
6,350,0.5452865,0.78125
6,351,0.54278874,0.71875
6,352,0.58172536,0.625
6,353,0.5314394,0.6875
6,354,0.5180712,0.8125
6,355,0.53887415,0.71875
6,356,0.5705592,0.625
6,357,0.47244695,0.78125
6,358,0.59068865,0.78125
6,359,0.6088002,0.65625
6,360,0.5703103,0.6875
6,361,0.52281624,0.75
6,362,0.64009047,0.6875
6,363,0.4615649,0.78125
6,364,0.5842113,0.71875
6,365,0.7149015,0.59375
6,366,0.6422645,0.5
6,367,0.5140467,0.75
6,368,0.57791436,0.65625
6,369,0.54249084,0.6875
6,370,0.5198069,0.6875
6,371,0.6004968,0.5625
6,372,0.54981667,0.65625
6,373,0.77641934,0.59375
6,374,0.6095653,0.65625
6,375,0.5140064,0.65625
6,376,0.5156203,0.84375
6,377,0.5168913,0.84375
6,378,0.6623346,0.5625
6,379,0.5579996,0.65625
6,380,0.62157565,0.625
6,381,0.5531326,0.71875
6,382,0.57566804,0.71875
6,383,0.5140092,0.84375
6,384,0.65553564,0.5652173913043478
7,385,0.46684167,0.78125
7,386,0.630627,0.625
7,387,0.522715,0.6875
7,388,0.5200492,0.71875
7,389,0.4388354,0.875
7,390,0.6758151,0.65625
7,391,0.6303669,0.625
7,392,0.62558776,0.625
7,393,0.44745108,0.6875
7,394,0.5869645,0.78125
7,395,0.52682865,0.78125
7,396,0.53624105,0.6875
7,397,0.49154484,0.8125
7,398,0.62417626,0.5625
7,399,0.6025021,0.65625
7,400,0.5010497,0.75
7,401,0.51711655,0.71875
7,402,0.60866463,0.5625
7,403,0.5185584,0.78125
7,404,0.5264529,0.75
7,405,0.66741663,0.71875
7,406,0.6184843,0.59375
7,407,0.58267057,0.84375
7,408,0.6624851,0.625
7,409,0.56244975,0.71875
7,410,0.46202245,0.8125
7,411,0.51337904,0.71875
7,412,0.46537676,0.75
7,413,0.5373045,0.78125
7,414,0.6442141,0.59375
7,415,0.5720228,0.71875
7,416,0.5181287,0.71875
7,417,0.5664959,0.6875
7,418,0.5029646,0.75
7,419,0.52964085,0.71875
7,420,0.5256475,0.75
7,421,0.6935753,0.625
7,422,0.7426796,0.59375
7,423,0.57483625,0.8125
7,424,0.5298253,0.65625
7,425,0.5937395,0.6875
7,426,0.5238371,0.6875
7,427,0.5867625,0.6875
7,428,0.5991406,0.625
7,429,0.70186186,0.625
7,430,0.5469272,0.65625
7,431,0.51773244,0.71875
7,432,0.73110217,0.59375
7,433,0.67872435,0.65625
7,434,0.66553104,0.59375
7,435,0.60889953,0.59375
7,436,0.5323798,0.71875
7,437,0.58550227,0.71875
7,438,0.7787536,0.625
7,439,0.52565646,0.6875
7,440,0.48941556,0.75
7,441,0.44450372,0.75
7,442,0.73563045,0.59375
7,443,0.65667385,0.59375
7,444,0.5915606,0.6875
7,445,0.68977386,0.65625
7,446,0.4578395,0.8125
7,447,0.64033735,0.65625
7,448,0.6926886,0.6956521739130435
8,449,0.5039486,0.75
8,450,0.49984345,0.71875
8,451,0.5416559,0.65625
8,452,0.52378803,0.71875
8,453,0.5563582,0.75
8,454,0.5300753,0.65625
8,455,0.4805333,0.78125
8,456,0.7278739,0.53125
8,457,0.6579609,0.5625
8,458,0.51327926,0.8125
8,459,0.60364395,0.65625
8,460,0.5816099,0.65625
8,461,0.66253614,0.59375
8,462,0.54169863,0.75
8,463,0.6049897,0.71875
8,464,0.5785439,0.59375
8,465,0.48702237,0.71875
8,466,0.6037204,0.71875
8,467,0.5166736,0.71875
8,468,0.6296665,0.625
8,469,0.62740386,0.53125
8,470,0.65692705,0.5625
8,471,0.47454095,0.71875
8,472,0.48314968,0.8125
8,473,0.5509103,0.65625
8,474,0.5558838,0.71875
8,475,0.5709414,0.71875
8,476,0.51663774,0.75
8,477,0.6839345,0.6875
8,478,0.6490038,0.71875
8,479,0.58659476,0.65625
8,480,0.5033017,0.78125
8,481,0.5553491,0.75
8,482,0.5543566,0.78125
8,483,0.64775616,0.6875
8,484,0.508888,0.75
8,485,0.55152136,0.59375
8,486,0.50773376,0.6875
8,487,0.5303064,0.78125
8,488,0.5162669,0.71875
8,489,0.4895579,0.84375
8,490,0.57973444,0.6875
8,491,0.5492524,0.78125
8,492,0.52887243,0.6875
8,493,0.42175484,0.875
8,494,0.50311923,0.71875
8,495,0.5855995,0.75
8,496,0.46211642,0.78125
8,497,0.4999305,0.78125
8,498,0.5946965,0.71875
8,499,0.51841426,0.8125
8,500,0.5170332,0.78125
8,501,0.58113426,0.78125
8,502,0.7613784,0.53125
8,503,0.5460848,0.71875
8,504,0.46752194,0.8125
8,505,0.5298156,0.6875
8,506,0.6656295,0.5625
8,507,0.46682638,0.6875
8,508,0.43217522,0.78125
8,509,0.41779348,0.78125
8,510,0.51741755,0.6875
8,511,0.50112003,0.78125
8,512,0.47947663,0.8695652173913043
9,513,0.48763713,0.8125
9,514,0.66545534,0.625
9,515,0.46624723,0.6875
9,516,0.48203495,0.6875
9,517,0.58283067,0.75
9,518,0.5273216,0.6875
9,519,0.57892734,0.65625
9,520,0.641264,0.59375
9,521,0.37733242,0.78125
9,522,0.6004963,0.625
9,523,0.5418796,0.59375
9,524,0.4603494,0.71875
9,525,0.48033983,0.78125
9,526,0.5156082,0.6875
9,527,0.39925686,0.84375
9,528,0.5604786,0.5625
9,529,0.6455587,0.75
9,530,0.5671679,0.75
9,531,0.6193145,0.625
9,532,0.47898254,0.8125
9,533,0.58982927,0.78125
9,534,0.55867785,0.625
9,535,0.67369634,0.59375
9,536,0.4900291,0.6875
9,537,0.6455111,0.625
9,538,0.5928753,0.59375
9,539,0.5047421,0.71875
9,540,0.52142924,0.625
9,541,0.67030644,0.625
9,542,0.60597044,0.625
9,543,0.59316605,0.65625
9,544,0.56171906,0.71875
9,545,0.47446775,0.84375
9,546,0.56845915,0.625
9,547,0.5940658,0.71875
9,548,0.43029857,0.78125
9,549,0.51875716,0.75
9,550,0.50432074,0.75
9,551,0.5264378,0.71875
9,552,0.5984379,0.6875
9,553,0.5368438,0.6875
9,554,0.6245197,0.59375
9,555,0.68910986,0.65625
9,556,0.6390075,0.6875
9,557,0.58817995,0.6875
9,558,0.5154492,0.65625
9,559,0.56164724,0.6875
9,560,0.5463933,0.75
9,561,0.63691854,0.625
9,562,0.5428083,0.6875
9,563,0.48971277,0.75
9,564,0.56482923,0.65625
9,565,0.6370391,0.59375
9,566,0.49219432,0.78125
9,567,0.7507839,0.65625
9,568,0.5552609,0.625
9,569,0.6540054,0.6875
9,570,0.53771764,0.75
9,571,0.5908271,0.65625
9,572,0.48637554,0.84375
9,573,0.55288297,0.625
9,574,0.50370955,0.875
9,575,0.5343214,0.71875
9,576,0.62138337,0.6521739130434783
10,577,0.5689425,0.625
10,578,0.47940218,0.71875
10,579,0.43560764,0.90625
10,580,0.4305846,0.8125
10,581,0.5217251,0.78125
10,582,0.5804459,0.65625
10,583,0.4433999,0.875
10,584,0.77849454,0.59375
10,585,0.4741496,0.75
10,586,0.6260665,0.625
10,587,0.5263505,0.65625
10,588,0.5152634,0.84375
10,589,0.45613968,0.75
10,590,0.56843066,0.71875
10,591,0.5681617,0.65625
10,592,0.5352099,0.75
10,593,0.50464326,0.75
10,594,0.4545774,0.75
10,595,0.53190285,0.75
10,596,0.48723048,0.78125
10,597,0.5332652,0.65625
10,598,0.60238636,0.65625
10,599,0.38236773,0.90625
10,600,0.45051667,0.84375
10,601,0.69243413,0.6875
10,602,0.65397674,0.65625
10,603,0.47221467,0.71875
10,604,0.42867374,0.8125
10,605,0.58666927,0.78125
10,606,0.607769,0.71875
10,607,0.48399588,0.8125
10,608,0.4933306,0.75
10,609,0.5868846,0.625
10,610,0.46427858,0.78125
10,611,0.6818587,0.65625
10,612,0.54862905,0.71875
10,613,0.6251376,0.71875
10,614,0.59314334,0.625
10,615,0.6524715,0.625
10,616,0.53387773,0.75
10,617,0.54941833,0.65625
10,618,0.53074044,0.78125
10,619,0.7032873,0.625
10,620,0.5586578,0.65625
10,621,0.60951835,0.65625
10,622,0.61746776,0.625
10,623,0.5958931,0.6875
10,624,0.5461959,0.6875
10,625,0.52130646,0.78125
10,626,0.43909344,0.84375
10,627,0.5751017,0.625
10,628,0.5120304,0.6875
10,629,0.5696527,0.71875
10,630,0.6703888,0.59375
10,631,0.5942765,0.5625
10,632,0.54371,0.78125
10,633,0.48554444,0.71875
10,634,0.46598974,0.84375
10,635,0.46779498,0.71875
10,636,0.44296992,0.90625
10,637,0.59544325,0.625
10,638,0.4530303,0.8125
10,639,0.5613203,0.6875
10,640,0.6852144,0.5652173913043478
11,641,0.56098145,0.65625
11,642,0.6154403,0.625
11,643,0.4813172,0.78125
11,644,0.40439755,0.84375
11,645,0.43795317,0.875
11,646,0.63316077,0.53125
11,647,0.69287103,0.5625
11,648,0.60086024,0.6875
11,649,0.53478265,0.78125
11,650,0.49276778,0.78125
11,651,0.595737,0.6875
11,652,0.56024706,0.5625
11,653,0.4122216,0.8125
11,654,0.54933435,0.78125
11,655,0.43698153,0.8125
11,656,0.5183078,0.71875
11,657,0.37907228,0.875
11,658,0.42080736,0.8125
11,659,0.48637763,0.75
11,660,0.6604184,0.5
11,661,0.5461615,0.75
11,662,0.39531744,0.84375
11,663,0.61200297,0.6875
11,664,0.58000803,0.625
11,665,0.49127766,0.75
11,666,0.39531574,0.84375
11,667,0.5836955,0.6875
11,668,0.52218556,0.78125
11,669,0.4735352,0.71875
11,670,0.4236783,0.84375
11,671,0.46692905,0.71875
11,672,0.6678506,0.53125
11,673,0.40676188,0.78125
11,674,0.61558044,0.75
11,675,0.5394411,0.71875
11,676,0.47701994,0.75
11,677,0.49622312,0.65625
11,678,0.61788046,0.65625
11,679,0.6020454,0.625
11,680,0.43110496,0.8125
11,681,0.5449088,0.6875
11,682,0.5780665,0.59375
11,683,0.47821268,0.75
11,684,0.5963444,0.65625
11,685,0.5923629,0.625
11,686,0.5528287,0.65625
11,687,0.5865689,0.71875
11,688,0.47537997,0.78125
11,689,0.46647024,0.84375
11,690,0.48948574,0.78125
11,691,0.5117323,0.75
11,692,0.42696512,0.78125
11,693,0.4798011,0.71875
11,694,0.6609029,0.625
11,695,0.5587918,0.625
11,696,0.5372481,0.5625
11,697,0.49969414,0.8125
11,698,0.6099984,0.5625
11,699,0.63296694,0.59375
11,700,0.64136446,0.6875
11,701,0.55497146,0.75
11,702,0.5727383,0.65625
11,703,0.50508964,0.78125
11,704,0.43109542,0.782608695652174
12,705,0.42334172,0.8125
12,706,0.4676356,0.71875
12,707,0.53515893,0.71875
12,708,0.5319366,0.78125
12,709,0.5969746,0.65625
12,710,0.5607116,0.625
12,711,0.42793044,0.78125
12,712,0.42966422,0.875
12,713,0.5345127,0.84375
12,714,0.41895795,0.8125
12,715,0.43109235,0.78125
12,716,0.48234555,0.71875
12,717,0.51740915,0.6875
12,718,0.5365811,0.6875
12,719,0.58172727,0.65625
12,720,0.63383955,0.65625
12,721,0.52999496,0.8125
12,722,0.57392806,0.6875
12,723,0.59864956,0.75
12,724,0.4468106,0.875
12,725,0.53016216,0.71875
12,726,0.44342747,0.875
12,727,0.51376945,0.6875
12,728,0.6004239,0.625
12,729,0.62603146,0.625
12,730,0.6088994,0.6875
12,731,0.44872168,0.78125
12,732,0.6124003,0.625
12,733,0.48620605,0.78125
12,734,0.38151124,0.875
12,735,0.48671243,0.75
12,736,0.5532793,0.59375
12,737,0.5838835,0.71875
12,738,0.42399165,0.84375
12,739,0.45815375,0.75
12,740,0.4935773,0.71875
12,741,0.64178187,0.5625
12,742,0.39975047,0.84375
12,743,0.46291515,0.78125
12,744,0.44258192,0.8125
12,745,0.63371074,0.71875
12,746,0.50173885,0.71875
12,747,0.57060623,0.71875
12,748,0.43885186,0.84375
12,749,0.54004043,0.71875
12,750,0.59837705,0.6875
12,751,0.60179263,0.65625
12,752,0.5770803,0.65625
12,753,0.57123506,0.75
12,754,0.44455487,0.8125
12,755,0.5274461,0.78125
12,756,0.5262853,0.78125
12,757,0.46053952,0.84375
12,758,0.5410453,0.6875
12,759,0.5173553,0.75
12,760,0.41763607,0.8125
12,761,0.4905291,0.84375
12,762,0.6098341,0.65625
12,763,0.34969905,0.8125
12,764,0.71320456,0.5625
12,765,0.58380437,0.71875
12,766,0.5681615,0.6875
12,767,0.5292063,0.6875
12,768,0.5116485,0.782608695652174
13,769,0.49647188,0.8125
13,770,0.44195032,0.8125
13,771,0.5553882,0.6875
13,772,0.60467976,0.65625
13,773,0.647534,0.71875
13,774,0.42283198,0.8125
13,775,0.49447152,0.71875
13,776,0.47926977,0.8125
13,777,0.5885045,0.75
13,778,0.6552924,0.625
13,779,0.66588736,0.59375
13,780,0.59389514,0.65625
13,781,0.42948407,0.8125
13,782,0.6222824,0.65625
13,783,0.5332999,0.6875
13,784,0.5365104,0.71875
13,785,0.48619816,0.78125
13,786,0.6258895,0.59375
13,787,0.43897223,0.84375
13,788,0.43383464,0.875
13,789,0.46562943,0.78125
13,790,0.46749502,0.75
13,791,0.52708495,0.75
13,792,0.5436902,0.59375
13,793,0.5365453,0.75
13,794,0.49695134,0.8125
13,795,0.39799285,0.84375
13,796,0.43328235,0.84375
13,797,0.4732292,0.75
13,798,0.55181825,0.65625
13,799,0.59617245,0.75
13,800,0.55320984,0.625
13,801,0.50820404,0.625
13,802,0.35034007,0.875
13,803,0.52445495,0.71875
13,804,0.5910877,0.6875
13,805,0.5264912,0.71875
13,806,0.49706265,0.71875
13,807,0.5566919,0.71875
13,808,0.42228448,0.8125
13,809,0.407071,0.75
13,810,0.46154404,0.6875
13,811,0.45012605,0.84375
13,812,0.6257231,0.65625
13,813,0.36095738,0.84375
13,814,0.384546,0.8125
13,815,0.4946515,0.75
13,816,0.696841,0.5
13,817,0.5488606,0.5625
13,818,0.5085933,0.8125
13,819,0.42170727,0.6875
13,820,0.59029293,0.71875
13,821,0.47285113,0.78125
13,822,0.50568235,0.75
13,823,0.48194778,0.875
13,824,0.4945327,0.875
13,825,0.5875961,0.65625
13,826,0.46103284,0.78125
13,827,0.55840725,0.78125
13,828,0.45201486,0.75
13,829,0.49249354,0.6875
13,830,0.45805216,0.78125
13,831,0.5974592,0.6875
13,832,0.56783724,0.7391304347826086
14,833,0.46515408,0.84375
14,834,0.43318957,0.84375
14,835,0.5048782,0.6875
14,836,0.4200855,0.84375
14,837,0.42229778,0.75
14,838,0.47757,0.8125
14,839,0.4830681,0.84375
14,840,0.4218346,0.84375
14,841,0.5685113,0.65625
14,842,0.57620865,0.625
14,843,0.6007103,0.6875
14,844,0.5699796,0.78125
14,845,0.48196077,0.78125
14,846,0.51449597,0.71875
14,847,0.51111865,0.75
14,848,0.5129247,0.8125
14,849,0.45957416,0.8125
14,850,0.5022115,0.75
14,851,0.4113647,0.78125
14,852,0.65492374,0.625
14,853,0.36693984,0.875
14,854,0.48866847,0.8125
14,855,0.534407,0.75
14,856,0.562839,0.71875
14,857,0.40651533,0.8125
14,858,0.40092322,0.84375
14,859,0.55066156,0.71875
14,860,0.44586095,0.75
14,861,0.40898225,0.84375
14,862,0.6687712,0.65625
14,863,0.4512723,0.78125
14,864,0.5559272,0.71875
14,865,0.5382018,0.75
14,866,0.44311008,0.75
14,867,0.551126,0.71875
14,868,0.47535786,0.75
14,869,0.4901674,0.71875
14,870,0.35490474,0.84375
14,871,0.4816911,0.75
14,872,0.50836694,0.65625
14,873,0.35170898,0.875
14,874,0.4057763,0.8125
14,875,0.49205157,0.75
14,876,0.59619194,0.65625
14,877,0.61591816,0.75
14,878,0.6802518,0.625
14,879,0.50175387,0.78125
14,880,0.45781603,0.71875
14,881,0.63086295,0.5625
14,882,0.5612755,0.71875
14,883,0.59811044,0.65625
14,884,0.63929564,0.625
14,885,0.41995838,0.90625
14,886,0.59139675,0.6875
14,887,0.6243094,0.625
14,888,0.49363223,0.78125
14,889,0.5572985,0.75
14,890,0.5163516,0.75
14,891,0.52757674,0.75
14,892,0.46683267,0.8125
14,893,0.45877206,0.71875
14,894,0.63218737,0.71875
14,895,0.48718223,0.8125
14,896,0.44528794,0.782608695652174
15,897,0.70913243,0.65625
15,898,0.4221356,0.84375
15,899,0.42726785,0.84375
15,900,0.53077865,0.75
15,901,0.4456967,0.8125
15,902,0.4468894,0.71875
15,903,0.52875984,0.625
15,904,0.4547602,0.71875
15,905,0.44584858,0.71875
15,906,0.47008446,0.71875
15,907,0.44644073,0.84375
15,908,0.39728555,0.875
15,909,0.57862574,0.6875
15,910,0.46452266,0.75
15,911,0.42684788,0.78125
15,912,0.5106784,0.71875
15,913,0.5072961,0.78125
15,914,0.5688307,0.71875
15,915,0.61312383,0.6875
15,916,0.51948595,0.6875
15,917,0.5847631,0.78125
15,918,0.53317004,0.75
15,919,0.44834468,0.6875
15,920,0.47722876,0.78125
15,921,0.52157104,0.65625
15,922,0.5957706,0.65625
15,923,0.4393754,0.8125
15,924,0.449824,0.84375
15,925,0.61941963,0.59375
15,926,0.43014264,0.8125
15,927,0.6005423,0.6875
15,928,0.54241973,0.8125
15,929,0.55845594,0.65625
15,930,0.45849892,0.84375
15,931,0.45862207,0.75
15,932,0.42967007,0.84375
15,933,0.5013328,0.6875
15,934,0.6854413,0.5625
15,935,0.5424552,0.71875
15,936,0.57529217,0.65625
15,937,0.47904122,0.71875
15,938,0.51247174,0.65625
15,939,0.4660077,0.78125
15,940,0.5763016,0.65625
15,941,0.62583023,0.6875
15,942,0.4272566,0.8125
15,943,0.5115989,0.75
15,944,0.51394963,0.75
15,945,0.38601735,0.84375
15,946,0.5482315,0.6875
15,947,0.5220161,0.65625
15,948,0.45395347,0.75
15,949,0.5303696,0.65625
15,950,0.49369892,0.8125
15,951,0.44502547,0.75
15,952,0.38541433,0.8125
15,953,0.42004654,0.78125
15,954,0.5693419,0.71875
15,955,0.56101036,0.71875
15,956,0.53899354,0.8125
15,957,0.5174095,0.75
15,958,0.54033273,0.75
15,959,0.43266946,0.84375
15,960,0.5081311,0.782608695652174
16,961,0.44656342,0.8125
16,962,0.5098086,0.71875
16,963,0.59835154,0.71875
16,964,0.42414662,0.78125
16,965,0.39243945,0.8125
16,966,0.5267763,0.625
16,967,0.6593845,0.53125
16,968,0.6057557,0.65625
16,969,0.5201983,0.71875
16,970,0.48552755,0.78125
16,971,0.6557896,0.59375
16,972,0.5539226,0.625
16,973,0.44043487,0.65625
16,974,0.56429064,0.71875
16,975,0.47017518,0.78125
16,976,0.44209626,0.8125
16,977,0.35919648,0.84375
16,978,0.46175012,0.8125
16,979,0.5095668,0.71875
16,980,0.5130253,0.65625
16,981,0.52816254,0.78125
16,982,0.43547967,0.75
16,983,0.5350101,0.75
16,984,0.41723374,0.8125
16,985,0.550073,0.75
16,986,0.5744066,0.75
16,987,0.5171486,0.71875
16,988,0.3654302,0.78125
16,989,0.4377053,0.78125
16,990,0.4230656,0.78125
16,991,0.4206457,0.78125
16,992,0.4276719,0.84375
16,993,0.45311064,0.75
16,994,0.43960908,0.875
16,995,0.6449011,0.625
16,996,0.45971173,0.78125
16,997,0.42165777,0.75
16,998,0.51104593,0.75
16,999,0.44281235,0.75
16,1000,0.39596707,0.8125
16,1001,0.47525167,0.6875
16,1002,0.35902908,0.84375
16,1003,0.41662332,0.875
16,1004,0.5421921,0.75
16,1005,0.43407598,0.71875
16,1006,0.48906216,0.71875
16,1007,0.52835995,0.71875
16,1008,0.57451195,0.65625
16,1009,0.65401715,0.6875
16,1010,0.39868617,0.8125
16,1011,0.40352556,0.84375
16,1012,0.444755,0.75
16,1013,0.45815384,0.84375
16,1014,0.5498,0.6875
16,1015,0.7459349,0.65625
16,1016,0.3847625,0.78125
16,1017,0.5096025,0.75
16,1018,0.5189548,0.71875
16,1019,0.6231263,0.6875
16,1020,0.47674277,0.71875
16,1021,0.5162222,0.6875
16,1022,0.47406828,0.875
16,1023,0.50166494,0.71875
16,1024,0.8467003,0.6521739130434783
17,1025,0.52848274,0.6875
17,1026,0.4130489,0.78125
17,1027,0.37026834,0.78125
17,1028,0.58109623,0.6875
17,1029,0.4455693,0.71875
17,1030,0.541089,0.71875
17,1031,0.59108585,0.71875
17,1032,0.52147853,0.6875
17,1033,0.5400336,0.6875
17,1034,0.4446235,0.71875
17,1035,0.48501953,0.8125
17,1036,0.5100688,0.78125
17,1037,0.40038043,0.84375
17,1038,0.41116872,0.75
17,1039,0.6278297,0.625
17,1040,0.63365203,0.625
17,1041,0.4359409,0.71875
17,1042,0.7936062,0.625
17,1043,0.44744247,0.71875
17,1044,0.43165866,0.84375
17,1045,0.6670463,0.6875
17,1046,0.46296054,0.75
17,1047,0.44992778,0.84375
17,1048,0.4566553,0.75
17,1049,0.46793675,0.71875
17,1050,0.39572033,0.8125
17,1051,0.44296208,0.8125
17,1052,0.39444378,0.84375
17,1053,0.46083993,0.8125
17,1054,0.45688432,0.84375
17,1055,0.40314555,0.8125
17,1056,0.4688805,0.78125
17,1057,0.51286453,0.71875
17,1058,0.28835365,0.9375
17,1059,0.43232867,0.78125
17,1060,0.5914011,0.625
17,1061,0.5926091,0.65625
17,1062,0.48079988,0.6875
17,1063,0.50215733,0.71875
17,1064,0.71380424,0.625
17,1065,0.41792017,0.78125
17,1066,0.3823321,0.875
17,1067,0.4403157,0.78125
17,1068,0.34905058,0.90625
17,1069,0.4897058,0.78125
17,1070,0.61497605,0.65625
17,1071,0.49161637,0.75
17,1072,0.34373957,0.875
17,1073,0.4338158,0.78125
17,1074,0.5249317,0.65625
17,1075,0.6616172,0.65625
17,1076,0.42915142,0.78125
17,1077,0.44593653,0.84375
17,1078,0.44914418,0.8125
17,1079,0.53873503,0.78125
17,1080,0.4591428,0.65625
17,1081,0.5350895,0.65625
17,1082,0.46609706,0.78125
17,1083,0.392687,0.8125
17,1084,0.39393198,0.875
17,1085,0.45259398,0.78125
17,1086,0.47922662,0.75
17,1087,0.5768764,0.625
17,1088,0.7389213,0.6956521739130435
18,1089,0.37263438,0.78125
18,1090,0.551486,0.75
18,1091,0.354714,0.90625
18,1092,0.3982351,0.8125
18,1093,0.58796996,0.71875
18,1094,0.47441983,0.71875
18,1095,0.4143288,0.8125
18,1096,0.4252668,0.8125
18,1097,0.43364993,0.8125
18,1098,0.33086804,0.90625
18,1099,0.33664766,0.84375
18,1100,0.5191778,0.65625
18,1101,0.49848214,0.71875
18,1102,0.5371667,0.78125
18,1103,0.31575438,0.875
18,1104,0.6783946,0.625
18,1105,0.36135966,0.8125
18,1106,0.52103823,0.8125
18,1107,0.47814697,0.78125
18,1108,0.3118975,0.84375
18,1109,0.5269855,0.71875
18,1110,0.5640035,0.6875
18,1111,0.48935908,0.75
18,1112,0.58146876,0.625
18,1113,0.4243045,0.8125
18,1114,0.6699172,0.65625
18,1115,0.5201992,0.625
18,1116,0.5863255,0.6875
18,1117,0.4244542,0.78125
18,1118,0.3273085,0.90625
18,1119,0.5969822,0.71875
18,1120,0.49324077,0.71875
18,1121,0.5892279,0.6875
18,1122,0.43159693,0.8125
18,1123,0.469586,0.78125
18,1124,0.5140996,0.78125
18,1125,0.48767662,0.8125
18,1126,0.77483785,0.59375
18,1127,0.3783283,0.8125
18,1128,0.45065105,0.875
18,1129,0.42653123,0.78125
18,1130,0.61938864,0.75
18,1131,0.6569723,0.71875
18,1132,0.46835366,0.75
18,1133,0.5017053,0.6875
18,1134,0.50487787,0.71875
18,1135,0.501935,0.75
18,1136,0.4036218,0.78125
18,1137,0.32461706,0.9375
18,1138,0.57519025,0.625
18,1139,0.50189406,0.71875
18,1140,0.49248928,0.78125
18,1141,0.38121068,0.78125
18,1142,0.51927537,0.65625
18,1143,0.48549786,0.78125
18,1144,0.4104008,0.9375
18,1145,0.5328193,0.78125
18,1146,0.48112133,0.78125
18,1147,0.63279486,0.6875
18,1148,0.4115585,0.78125
18,1149,0.4551371,0.78125
18,1150,0.40273803,0.84375
18,1151,0.41303393,0.78125
18,1152,0.75659436,0.5652173913043478
19,1153,0.4173988,0.78125
19,1154,0.56652504,0.71875
19,1155,0.47979134,0.75
19,1156,0.5009798,0.75
19,1157,0.55934525,0.6875
19,1158,0.37122548,0.84375
19,1159,0.471076,0.78125
19,1160,0.5821311,0.75
19,1161,0.768873,0.6875
19,1162,0.55818605,0.65625
19,1163,0.5660076,0.71875
19,1164,0.47156462,0.78125
19,1165,0.5367479,0.75
19,1166,0.5349221,0.71875
19,1167,0.39369687,0.84375
19,1168,0.4993645,0.78125
19,1169,0.607788,0.5625
19,1170,0.4234228,0.75
19,1171,0.470196,0.71875
19,1172,0.38172233,0.78125
19,1173,0.4958603,0.6875
19,1174,0.43758222,0.78125
19,1175,0.47995394,0.65625
19,1176,0.44162297,0.75
19,1177,0.46737516,0.75
19,1178,0.40813586,0.84375
19,1179,0.39388824,0.90625
19,1180,0.44468364,0.8125
19,1181,0.563962,0.71875
19,1182,0.57224166,0.71875
19,1183,0.3606204,0.875
19,1184,0.4344166,0.8125
19,1185,0.43506503,0.8125
19,1186,0.594136,0.6875
19,1187,0.51636165,0.65625
19,1188,0.51192856,0.75
19,1189,0.4971185,0.71875
19,1190,0.46889576,0.6875
19,1191,0.48098552,0.6875
19,1192,0.630771,0.625
19,1193,0.33530277,0.875
19,1194,0.4007102,0.84375
19,1195,0.47590837,0.75
19,1196,0.3887085,0.8125
19,1197,0.5066352,0.78125
19,1198,0.563287,0.625
19,1199,0.29560372,0.90625
19,1200,0.46115533,0.71875
19,1201,0.47878683,0.78125
19,1202,0.46622342,0.75
19,1203,0.48943812,0.84375
19,1204,0.55310947,0.6875
19,1205,0.46451753,0.71875
19,1206,0.38920298,0.8125
19,1207,0.4655329,0.8125
19,1208,0.4044134,0.875
19,1209,0.35249692,0.875
19,1210,0.4559156,0.78125
19,1211,0.4370376,0.71875
19,1212,0.5119602,0.78125
19,1213,0.45747486,0.78125
19,1214,0.4617135,0.75
19,1215,0.6162846,0.65625
19,1216,0.557752,0.782608695652174
20,1217,0.4342196,0.78125
20,1218,0.48464188,0.8125
20,1219,0.3554606,0.78125
20,1220,0.3899727,0.8125
20,1221,0.5238508,0.6875
20,1222,0.39282674,0.8125
20,1223,0.41478896,0.78125
20,1224,0.43381494,0.8125
20,1225,0.6665246,0.6875
20,1226,0.44840932,0.75
20,1227,0.40699765,0.84375
20,1228,0.5362111,0.6875
20,1229,0.39217886,0.8125
20,1230,0.46048272,0.6875
20,1231,0.6291591,0.59375
20,1232,0.6010218,0.65625
20,1233,0.45926672,0.71875
20,1234,0.5908696,0.6875
20,1235,0.37725884,0.90625
20,1236,0.46096885,0.71875
20,1237,0.47584847,0.78125
20,1238,0.5648021,0.6875
20,1239,0.4633531,0.84375
20,1240,0.4504078,0.75
20,1241,0.34445,0.84375
20,1242,0.39518538,0.8125
20,1243,0.37997428,0.84375
20,1244,0.519542,0.78125
20,1245,0.48636708,0.6875
20,1246,0.56182945,0.71875
20,1247,0.7458672,0.53125
20,1248,0.45509508,0.8125
20,1249,0.4757894,0.6875
20,1250,0.45737332,0.875
20,1251,0.517466,0.65625
20,1252,0.4494372,0.75
20,1253,0.40395036,0.8125
20,1254,0.5484235,0.6875
20,1255,0.4322463,0.75
20,1256,0.46349525,0.75
20,1257,0.64991957,0.75
20,1258,0.3731795,0.8125
20,1259,0.7215263,0.5625
20,1260,0.36493897,0.875
20,1261,0.488287,0.78125
20,1262,0.58597547,0.65625
20,1263,0.45327362,0.75
20,1264,0.5811798,0.59375
20,1265,0.5585355,0.84375
20,1266,0.43224677,0.75
20,1267,0.45234504,0.8125
20,1268,0.43226576,0.78125
20,1269,0.3948568,0.8125
20,1270,0.52316916,0.78125
20,1271,0.30299455,0.90625
20,1272,0.65083116,0.65625
20,1273,0.7402,0.59375
20,1274,0.38468343,0.875
20,1275,0.6024268,0.71875
20,1276,0.39304802,0.875
20,1277,0.50849646,0.71875
20,1278,0.43174496,0.8125
20,1279,0.4059821,0.8125
20,1280,0.5215713,0.6086956521739131
21,1281,0.47601995,0.78125
21,1282,0.44613826,0.84375
21,1283,0.45984152,0.84375
21,1284,0.5352324,0.625
21,1285,0.53210694,0.75
21,1286,0.4755275,0.75
21,1287,0.44321537,0.8125
21,1288,0.3780048,0.875
21,1289,0.3740067,0.84375
21,1290,0.64453053,0.6875
21,1291,0.49738652,0.75
21,1292,0.403635,0.84375
21,1293,0.38007364,0.84375
21,1294,0.49570882,0.75
21,1295,0.39502326,0.8125
21,1296,0.65061176,0.6875
21,1297,0.61430514,0.65625
21,1298,0.50191295,0.75
21,1299,0.28971806,0.84375
21,1300,0.39441413,0.84375
21,1301,0.49741662,0.71875
21,1302,0.4612193,0.8125
21,1303,0.56794614,0.65625
21,1304,0.48066145,0.75
21,1305,0.3694598,0.875
21,1306,0.4553702,0.84375
21,1307,0.47385675,0.75
21,1308,0.50153047,0.625
21,1309,0.3648293,0.875
21,1310,0.48643255,0.71875
21,1311,0.43946278,0.78125
21,1312,0.50098026,0.65625
21,1313,0.5842597,0.6875
21,1314,0.47540447,0.71875
21,1315,0.6337192,0.59375
21,1316,0.37203628,0.84375
21,1317,0.4745169,0.75
21,1318,0.5172125,0.71875
21,1319,0.44512036,0.78125
21,1320,0.5383321,0.65625
21,1321,0.443248,0.71875
21,1322,0.69848835,0.53125
21,1323,0.509718,0.75
21,1324,0.4074414,0.8125
21,1325,0.41109568,0.75
21,1326,0.48344457,0.65625
21,1327,0.3924198,0.78125
21,1328,0.7110398,0.625
21,1329,0.46952507,0.75
21,1330,0.56879556,0.65625
21,1331,0.47703338,0.78125
21,1332,0.3777573,0.875
21,1333,0.43415323,0.75
21,1334,0.4329297,0.84375
21,1335,0.46103022,0.8125
21,1336,0.4070457,0.78125
21,1337,0.5397757,0.71875
21,1338,0.47032797,0.75
21,1339,0.42890552,0.8125
21,1340,0.4116932,0.84375
21,1341,0.3928056,0.875
21,1342,0.5336362,0.71875
21,1343,0.5446183,0.8125
21,1344,0.5277691,0.7391304347826086
22,1345,0.67682886,0.65625
22,1346,0.5031624,0.78125
22,1347,0.44433978,0.78125
22,1348,0.42925254,0.8125
22,1349,0.49618188,0.75
22,1350,0.62741095,0.71875
22,1351,0.38663268,0.8125
22,1352,0.44775984,0.75
22,1353,0.3232975,0.9375
22,1354,0.46355063,0.78125
22,1355,0.2781236,0.9375
22,1356,0.44120046,0.75
22,1357,0.48123142,0.75
22,1358,0.5151161,0.71875
22,1359,0.6124261,0.59375
22,1360,0.480161,0.71875
22,1361,0.60358286,0.75
22,1362,0.47175834,0.8125
22,1363,0.45402557,0.78125
22,1364,0.4478974,0.8125
22,1365,0.44845897,0.75
22,1366,0.45297015,0.6875
22,1367,0.39128554,0.8125
22,1368,0.47221094,0.78125
22,1369,0.42728642,0.75
22,1370,0.36843112,0.875
22,1371,0.4898711,0.75
22,1372,0.39821872,0.75
22,1373,0.4032599,0.8125
22,1374,0.6664515,0.625
22,1375,0.50869083,0.8125
22,1376,0.41014108,0.8125
22,1377,0.45529914,0.78125
22,1378,0.56510305,0.65625
22,1379,0.33495915,0.90625
22,1380,0.8440813,0.53125
22,1381,0.45400438,0.78125
22,1382,0.57312936,0.71875
22,1383,0.45359716,0.78125
22,1384,0.44921178,0.75
22,1385,0.6210949,0.71875
22,1386,0.44847938,0.78125
22,1387,0.43968102,0.75
22,1388,0.47324616,0.8125
22,1389,0.5902107,0.65625
22,1390,0.41003805,0.90625
22,1391,0.4174399,0.8125
22,1392,0.4284867,0.71875
22,1393,0.4660403,0.8125
22,1394,0.57854366,0.75
22,1395,0.3870751,0.8125
22,1396,0.49542996,0.75
22,1397,0.33124173,0.90625
22,1398,0.39063972,0.8125
22,1399,0.3983974,0.8125
22,1400,0.45877987,0.78125
22,1401,0.46216595,0.71875
22,1402,0.4661665,0.75
22,1403,0.37400258,0.84375
22,1404,0.39187977,0.8125
22,1405,0.45407376,0.84375
22,1406,0.38967204,0.8125
22,1407,0.58965826,0.6875
22,1408,0.4889701,0.8260869565217391
23,1409,0.51273847,0.75
23,1410,0.42832723,0.84375
23,1411,0.43151447,0.75
23,1412,0.75397,0.625
23,1413,0.46616834,0.75
23,1414,0.48131812,0.75
23,1415,0.3531741,0.96875
23,1416,0.37305215,0.84375
23,1417,0.69202435,0.625
23,1418,0.37773,0.84375
23,1419,0.35499516,0.78125
23,1420,0.43991795,0.8125
23,1421,0.421574,0.78125
23,1422,0.46129936,0.71875
23,1423,0.53809327,0.84375
23,1424,0.6319044,0.65625
23,1425,0.4386283,0.84375
23,1426,0.46042758,0.8125
23,1427,0.479485,0.78125
23,1428,0.39904892,0.84375
23,1429,0.5211929,0.71875
23,1430,0.47369072,0.8125
23,1431,0.3068104,0.875
23,1432,0.4703812,0.8125
23,1433,0.6523973,0.625
23,1434,0.39272293,0.78125
23,1435,0.46573055,0.8125
23,1436,0.43626133,0.75
23,1437,0.44048753,0.75
23,1438,0.39184153,0.875
23,1439,0.39260352,0.8125
23,1440,0.50016534,0.71875
23,1441,0.5486256,0.71875
23,1442,0.42303702,0.78125
23,1443,0.36284006,0.84375
23,1444,0.42937303,0.8125
23,1445,0.32543415,0.90625
23,1446,0.470846,0.78125
23,1447,0.5686674,0.65625
23,1448,0.384787,0.875
23,1449,0.54539746,0.78125
23,1450,0.5902664,0.625
23,1451,0.67278576,0.75
23,1452,0.486304,0.71875
23,1453,0.3317352,0.875
23,1454,0.44647583,0.78125
23,1455,0.44863045,0.8125
23,1456,0.37790763,0.84375
23,1457,0.46187478,0.6875
23,1458,0.51192445,0.71875
23,1459,0.530188,0.6875
23,1460,0.35981002,0.875
23,1461,0.42622858,0.75
23,1462,0.51921606,0.71875
23,1463,0.75239986,0.6875
23,1464,0.4214876,0.84375
23,1465,0.52801144,0.75
23,1466,0.4276887,0.875
23,1467,0.5152364,0.71875
23,1468,0.3901081,0.875
23,1469,0.5031736,0.71875
23,1470,0.35491613,0.90625
23,1471,0.552193,0.75
23,1472,0.3825784,0.8695652173913043
24,1473,0.43314457,0.78125
24,1474,0.2913125,0.9375
24,1475,0.4187562,0.78125
24,1476,0.4506893,0.75
24,1477,0.3245308,0.90625
24,1478,0.45270395,0.78125
24,1479,0.4272034,0.78125
24,1480,0.3821149,0.875
24,1481,0.5390642,0.75
24,1482,0.538417,0.6875
24,1483,0.54461914,0.8125
24,1484,0.47123814,0.75
24,1485,0.44416156,0.71875
24,1486,0.5415048,0.65625
24,1487,0.48043638,0.75
24,1488,0.5519262,0.6875
24,1489,0.4017299,0.84375
24,1490,0.4722063,0.75
24,1491,0.63674957,0.65625
24,1492,0.4383631,0.84375
24,1493,0.510549,0.75
24,1494,0.39587513,0.875
24,1495,0.4401617,0.75
24,1496,0.5395119,0.6875
24,1497,0.46076715,0.8125
24,1498,0.44722813,0.75
24,1499,0.5534624,0.625
24,1500,0.57999325,0.71875
24,1501,0.44395936,0.71875
24,1502,0.5151123,0.65625
24,1503,0.5357634,0.75
24,1504,0.45203093,0.71875
24,1505,0.49624848,0.75
24,1506,0.4025997,0.78125
24,1507,0.5868133,0.6875
24,1508,0.46465138,0.71875
24,1509,0.33061153,0.90625
24,1510,0.32844058,0.875
24,1511,0.36855555,0.875
24,1512,0.54631567,0.78125
24,1513,0.51681834,0.875
24,1514,0.47499093,0.71875
24,1515,0.47120908,0.78125
24,1516,0.38328367,0.875
24,1517,0.64888,0.5625
24,1518,0.34722638,0.8125
24,1519,0.5714744,0.65625
24,1520,0.39466184,0.84375
24,1521,0.5003299,0.65625
24,1522,0.33955425,0.84375
24,1523,0.45029086,0.8125
24,1524,0.51693785,0.8125
24,1525,0.59512794,0.75
24,1526,0.341533,0.90625
24,1527,0.43700796,0.78125
24,1528,0.36617056,0.8125
24,1529,0.45006838,0.8125
24,1530,0.4367817,0.75
24,1531,0.48243722,0.78125
24,1532,0.49849996,0.75
24,1533,0.46147645,0.78125
24,1534,0.41050342,0.8125
24,1535,0.524259,0.6875
24,1536,0.627645,0.6086956521739131
25,1537,0.5231997,0.75
25,1538,0.41452488,0.875
25,1539,0.42187285,0.78125
25,1540,0.42107868,0.78125
25,1541,0.40960476,0.84375
25,1542,0.5012692,0.8125
25,1543,0.38321692,0.875
25,1544,0.5200755,0.75
25,1545,0.4823328,0.625
25,1546,0.5260935,0.6875
25,1547,0.3387137,0.875
25,1548,0.5566938,0.84375
25,1549,0.36307815,0.84375
25,1550,0.4474285,0.78125
25,1551,0.42484874,0.78125
25,1552,0.6813468,0.59375
25,1553,0.5187559,0.8125
25,1554,0.64448637,0.6875
25,1555,0.38215178,0.84375
25,1556,0.4629391,0.78125
25,1557,0.42999327,0.78125
25,1558,0.4061672,0.8125
25,1559,0.48119414,0.8125
25,1560,0.49684486,0.71875
25,1561,0.369938,0.8125
25,1562,0.708346,0.5625
25,1563,0.45443386,0.78125
25,1564,0.551873,0.71875
25,1565,0.3851472,0.8125
25,1566,0.32317036,0.90625
25,1567,0.56104124,0.78125
25,1568,0.51868635,0.6875
25,1569,0.5160485,0.6875
25,1570,0.538121,0.6875
25,1571,0.4295912,0.8125
25,1572,0.7017653,0.59375
25,1573,0.46663052,0.71875
25,1574,0.31056434,0.875
25,1575,0.5813941,0.71875
25,1576,0.42350373,0.71875
25,1577,0.37641737,0.8125
25,1578,0.41805005,0.875
25,1579,0.4649703,0.75
25,1580,0.48031303,0.75
25,1581,0.38857013,0.90625
25,1582,0.48848197,0.78125
25,1583,0.41926384,0.8125
25,1584,0.4462158,0.78125
25,1585,0.38061717,0.78125
25,1586,0.43130225,0.75
25,1587,0.6396246,0.59375
25,1588,0.43149126,0.75
25,1589,0.48331022,0.75
25,1590,0.45935836,0.8125
25,1591,0.66692954,0.625
25,1592,0.37104046,0.875
25,1593,0.4062865,0.78125
25,1594,0.5478527,0.71875
25,1595,0.4670847,0.75
25,1596,0.42430204,0.75
25,1597,0.4657998,0.8125
25,1598,0.48019716,0.6875
25,1599,0.39028662,0.8125
25,1600,0.48958257,0.7391304347826086
26,1601,0.37605065,0.875
26,1602,0.47136974,0.78125
26,1603,0.51913905,0.8125
26,1604,0.5059716,0.75
26,1605,0.42298675,0.78125
26,1606,0.51350665,0.6875
26,1607,0.44633552,0.8125
26,1608,0.54678243,0.65625
26,1609,0.48949182,0.75
26,1610,0.44006547,0.75
26,1611,0.48037684,0.71875
26,1612,0.48612353,0.78125
26,1613,0.39813647,0.8125
26,1614,0.38284916,0.90625
26,1615,0.5408133,0.6875
26,1616,0.4706179,0.75
26,1617,0.49394467,0.71875
26,1618,0.40670907,0.84375
26,1619,0.5392215,0.6875
26,1620,0.45755956,0.78125
26,1621,0.5029431,0.75
26,1622,0.43961418,0.78125
26,1623,0.44436303,0.71875
26,1624,0.49370876,0.71875
26,1625,0.32818335,0.875
26,1626,0.43679962,0.78125
26,1627,0.47266263,0.78125
26,1628,0.37294698,0.84375
26,1629,0.34354964,0.84375
26,1630,0.3956269,0.8125
26,1631,0.32365662,0.90625
26,1632,0.43819755,0.71875
26,1633,0.46927947,0.78125
26,1634,0.5241227,0.71875
26,1635,0.5022901,0.71875
26,1636,0.4984685,0.71875
26,1637,0.43044484,0.8125
26,1638,0.3835629,0.8125
26,1639,0.55019456,0.71875
26,1640,0.336925,0.875
26,1641,0.43986645,0.78125
26,1642,0.37206292,0.875
26,1643,0.44880342,0.78125
26,1644,0.6553951,0.65625
26,1645,0.5332626,0.8125
26,1646,0.45432383,0.78125
26,1647,0.4334734,0.84375
26,1648,0.66833204,0.65625
26,1649,0.5673208,0.65625
26,1650,0.51117545,0.78125
26,1651,0.5142874,0.65625
26,1652,0.43293184,0.78125
26,1653,0.4536444,0.84375
26,1654,0.47719303,0.71875
26,1655,0.490862,0.75
26,1656,0.39002228,0.8125
26,1657,0.53763413,0.78125
26,1658,0.40827394,0.84375
26,1659,0.4217664,0.8125
26,1660,0.4274361,0.78125
26,1661,0.44050688,0.8125
26,1662,0.40664363,0.8125
26,1663,0.50001675,0.75
26,1664,0.4462724,0.8260869565217391
27,1665,0.51889104,0.71875
27,1666,0.42493853,0.78125
27,1667,0.32754675,0.9375
27,1668,0.44409305,0.75
27,1669,0.54462725,0.6875
27,1670,0.47228697,0.8125
27,1671,0.3777402,0.8125
27,1672,0.47039333,0.8125
27,1673,0.5530411,0.6875
27,1674,0.41574684,0.84375
27,1675,0.4682872,0.75
27,1676,0.35111675,0.875
27,1677,0.5731169,0.71875
27,1678,0.44775194,0.6875
27,1679,0.51019746,0.75
27,1680,0.39375585,0.78125
27,1681,0.2489138,1.0
27,1682,0.6304852,0.5625
27,1683,0.4697905,0.71875
27,1684,0.49634466,0.8125
27,1685,0.3953186,0.75
27,1686,0.36547008,0.75
27,1687,0.47712636,0.8125
27,1688,0.558485,0.65625
27,1689,0.44530493,0.78125
27,1690,0.2827816,0.9375
27,1691,0.42008105,0.8125
27,1692,0.51108056,0.75
27,1693,0.4214747,0.8125
27,1694,0.45071235,0.6875
27,1695,0.5252635,0.8125
27,1696,0.37365165,0.875
27,1697,0.43330145,0.78125
27,1698,0.6077877,0.65625
27,1699,0.4550592,0.6875
27,1700,0.53413147,0.65625
27,1701,0.5269632,0.65625
27,1702,0.339695,0.84375
27,1703,0.34039745,0.84375
27,1704,0.40700117,0.75
27,1705,0.27530673,0.9375
27,1706,0.43819833,0.84375
27,1707,0.31494692,0.875
27,1708,0.327938,0.90625
27,1709,0.47770673,0.75
27,1710,0.6048395,0.65625
27,1711,0.35121152,0.90625
27,1712,0.511282,0.6875
27,1713,0.51056296,0.71875
27,1714,0.44484293,0.75
27,1715,0.39697027,0.90625
27,1716,0.423961,0.78125
27,1717,0.38855645,0.8125
27,1718,0.39016935,0.8125
27,1719,0.4446381,0.84375
27,1720,0.6600213,0.625
27,1721,0.53651136,0.71875
27,1722,0.49567172,0.6875
27,1723,0.35319158,0.84375
27,1724,0.6660655,0.65625
27,1725,0.5038908,0.75
27,1726,0.31296295,0.9375
27,1727,0.4415193,0.8125
27,1728,0.4340176,0.7391304347826086
28,1729,0.53928596,0.78125
28,1730,0.47070318,0.78125
28,1731,0.39008775,0.78125
28,1732,0.4120357,0.78125
28,1733,0.35251048,0.90625
28,1734,0.47241673,0.71875
28,1735,0.38500473,0.84375
28,1736,0.3497331,0.875
28,1737,0.47588986,0.71875
28,1738,0.48455548,0.71875
28,1739,0.45182613,0.78125
28,1740,0.50892407,0.71875
28,1741,0.4731356,0.75
28,1742,0.43894055,0.8125
28,1743,0.48354796,0.75
28,1744,0.42743817,0.8125
28,1745,0.45392883,0.78125
28,1746,0.53553456,0.71875
28,1747,0.6586294,0.65625
28,1748,0.50191706,0.75
28,1749,0.35024622,0.875
28,1750,0.53487337,0.65625
28,1751,0.42388016,0.71875
28,1752,0.4365204,0.75
28,1753,0.49351108,0.65625
28,1754,0.4930591,0.65625
28,1755,0.3268847,0.84375
28,1756,0.4050014,0.78125
28,1757,0.40427256,0.78125
28,1758,0.48588356,0.71875
28,1759,0.5689917,0.65625
28,1760,0.46866918,0.78125
28,1761,0.31346676,0.90625
28,1762,0.54926795,0.65625
28,1763,0.47301,0.75
28,1764,0.49104318,0.71875
28,1765,0.5801658,0.75
28,1766,0.49490356,0.75
28,1767,0.3820321,0.875
28,1768,0.6474837,0.53125
28,1769,0.36845922,0.875
28,1770,0.41261464,0.75
28,1771,0.2862208,0.9375
28,1772,0.44970977,0.78125
28,1773,0.37628457,0.78125
28,1774,0.49446368,0.78125
28,1775,0.412031,0.84375
28,1776,0.53426224,0.71875
28,1777,0.46568888,0.78125
28,1778,0.4028688,0.8125
28,1779,0.4777953,0.75
28,1780,0.5172611,0.75
28,1781,0.5181325,0.71875
28,1782,0.7650805,0.6875
28,1783,0.4051691,0.75
28,1784,0.3809396,0.78125
28,1785,0.43761748,0.78125
28,1786,0.40401396,0.78125
28,1787,0.39684406,0.8125
28,1788,0.42189628,0.8125
28,1789,0.44518337,0.8125
28,1790,0.52941805,0.71875
28,1791,0.3777449,0.875
28,1792,0.3991322,0.9130434782608695
29,1793,0.43695456,0.78125
29,1794,0.522915,0.65625
29,1795,0.48423317,0.78125
29,1796,0.64356184,0.6875
29,1797,0.52595663,0.71875
29,1798,0.44437426,0.78125
29,1799,0.44200298,0.78125
29,1800,0.3594498,0.8125
29,1801,0.4701156,0.71875
29,1802,0.47457236,0.78125
29,1803,0.42711353,0.8125
29,1804,0.43353704,0.8125
29,1805,0.48282775,0.75
29,1806,0.5668082,0.71875
29,1807,0.41099864,0.78125
29,1808,0.4645513,0.8125
29,1809,0.4324126,0.75
29,1810,0.46547803,0.78125
29,1811,0.5331425,0.6875
29,1812,0.45634317,0.8125
29,1813,0.4727754,0.75
29,1814,0.46880338,0.75
29,1815,0.31963837,0.90625
29,1816,0.4508542,0.78125
29,1817,0.3848818,0.84375
29,1818,0.45671207,0.78125
29,1819,0.42670125,0.78125
29,1820,0.40320522,0.875
29,1821,0.425466,0.78125
29,1822,0.44024473,0.78125
29,1823,0.45219016,0.75
29,1824,0.41470978,0.78125
29,1825,0.35830083,0.84375
29,1826,0.5163575,0.6875
29,1827,0.49949127,0.6875
29,1828,0.5184525,0.78125
29,1829,0.41924804,0.78125
29,1830,0.46170506,0.8125
29,1831,0.3998652,0.78125
29,1832,0.49426457,0.6875
29,1833,0.33288193,0.875
29,1834,0.43913227,0.75
29,1835,0.47002682,0.75
29,1836,0.4717716,0.71875
29,1837,0.4515478,0.71875
29,1838,0.37311926,0.8125
29,1839,0.404979,0.90625
29,1840,0.36587083,0.90625
29,1841,0.37079418,0.84375
29,1842,0.34790677,0.84375
29,1843,0.293863,0.90625
29,1844,0.5589918,0.65625
29,1845,0.42104727,0.75
29,1846,0.6552508,0.625
29,1847,0.61739665,0.625
29,1848,0.30550283,0.90625
29,1849,0.4223748,0.78125
29,1850,0.4441411,0.75
29,1851,0.5632924,0.6875
29,1852,0.31229955,0.90625
29,1853,0.49576992,0.78125
29,1854,0.46036428,0.8125
29,1855,0.32069275,0.90625
29,1856,0.44412392,0.7391304347826086
30,1857,0.53175336,0.8125
30,1858,0.418362,0.75
30,1859,0.51173604,0.71875
30,1860,0.33011454,0.875
30,1861,0.3967603,0.75
30,1862,0.4817636,0.875
30,1863,0.41620478,0.71875
30,1864,0.42368102,0.84375
30,1865,0.44471374,0.75
30,1866,0.47937772,0.65625
30,1867,0.41111907,0.78125
30,1868,0.47288358,0.75
30,1869,0.36616728,0.84375
30,1870,0.4469278,0.78125
30,1871,0.43576902,0.84375
30,1872,0.49458274,0.75
30,1873,0.43080854,0.78125
30,1874,0.47116062,0.65625
30,1875,0.3774845,0.84375
30,1876,0.55157197,0.78125
30,1877,0.32859072,0.84375
30,1878,0.6413248,0.6875
30,1879,0.5268143,0.625
30,1880,0.47982898,0.75
30,1881,0.46278492,0.78125
30,1882,0.38477546,0.8125
30,1883,0.5617279,0.71875
30,1884,0.4556483,0.78125
30,1885,0.36677217,0.8125
30,1886,0.46242282,0.8125
30,1887,0.45874706,0.75
30,1888,0.36381295,0.875
30,1889,0.34880453,0.875
30,1890,0.45797366,0.6875
30,1891,0.6227671,0.6875
30,1892,0.4615329,0.75
30,1893,0.46801487,0.78125
30,1894,0.53743297,0.65625
30,1895,0.46207952,0.75
30,1896,0.395174,0.8125
30,1897,0.4708334,0.78125
30,1898,0.46370155,0.71875
30,1899,0.43697163,0.75
30,1900,0.33712333,0.90625
30,1901,0.4144802,0.71875
30,1902,0.43610513,0.78125
30,1903,0.2958546,0.90625
30,1904,0.5566501,0.65625
30,1905,0.40752608,0.8125
30,1906,0.43471676,0.78125
30,1907,0.65388775,0.78125
30,1908,0.52934945,0.6875
30,1909,0.39139777,0.84375
30,1910,0.48591477,0.78125
30,1911,0.5130211,0.6875
30,1912,0.35879382,0.875
30,1913,0.48469907,0.75
30,1914,0.30229956,0.90625
30,1915,0.5842976,0.71875
30,1916,0.4658764,0.71875
30,1917,0.35105646,0.90625
30,1918,0.40936276,0.75
30,1919,0.36800382,0.8125
30,1920,0.3716387,0.8260869565217391
